,Tweet Id,Tweet
0,1559781796606255106,hurts but it is okay because i am used to it 
1,1559781795620655105, providing someone with what is their right when you do not let them work nothing to boast about will not name the guy his wife works and this month they got the electric bill of and he was fighting with her that is how some women live their life which is nothing to be proud of
2,1559781788129566722, rti right to information act
3,1559781787378786305, keep shining and rocking
4,1559781786233733121,where is kim medlins husband today update 
5,1559781773990666240, dost hi thi na wo 
6,1559781771004239872, good morning
7,1559781767481270272, weldone
8,1559781763207110656, and i love winters and cold nights 
9,1559781762145738752,just posted a photo new york u s a 
10,1559781758920441856, there is lack of exposure to different cultures and people even within the country when an average person thinks the world revolves around him her intolerance prevails 
11,1559781749504319496, a fb post from the girl but this act is totally condemable usually girls having hunger of fame and money are the victims of such acts 
12,1559781745754521601, same
13,1559781736942391296, it means no official arrangements from 
14,1559781726897033216, aghe la para follow back zarorat we
15,1559781726565662722,pakistan helping ukraine britains royal air force transporting ammo fr via 
16,1559781723323469824,latest parc jobs august pakistan agriculture research counciljobs 
17,1559781721716957184,i just flipped the switch and light nahi arahi 
18,1559781720764940289, congratulations
19,1559781715593289728, love you pak army zindabad
20,1559781714628575238,healthy slow cookeroatmeal 
21,1559781710744764416, symptoms linked to second hand smoke exposure may include eye nose and throat irritation coughing too much mucus in the airways chest discomfort or pain 
22,1559781707250909184, good morning
23,1559781703236853760,nurses seek donations for rare diseases program amid fundingconfusion 
24,1559781701626331137, sir again you proved it you are doing great work in education department appreciated 
25,1559781699520806913, how is shashi tharoor
26,1559781692914663424, write a song what are you waiting for 
27,1559781689999495169, inna lillahi wa inna ilayhi rajiun my deepest condolences for your and your familys loss omar 
28,1559781685968920576, i installed dotnet on ubuntu last night and it was easier than installing it on windows 
29,1559781682944909312, read germany as greece that was a typo rather auto spelled 
30,1559781672152858626, please write on this type of personality reason for development of such disorder 
31,1559781670869417987, lack of honest ppl in pakistan 
32,1559781670122913793, oh its good 
33,1559781661063217153, well done 
34,1559781660761407488,"preserved heart of blue whale
subhanallah "
35,1559781649637953536, morning
36,1559781642419544064,speech delivered by a young participant of the first ever held in the national assembly hall in connection with the of of pakistan 
37,1559781639592493061,team pakistan moves to no after win over netherlands by runs in icc odi super league pakistan now has points 
38,1559781639336632322, good morning
39,1559781633200463872,pakistani people are really insensitive and do not want to stand up for their rights 
40,1559781630415458305, awww thank you sadia
41,1559781629643849728,latest ministry of it amp telecom jobs federal govt of pakistan 
42,1559781627731054594,after adding transport and refining costs it becomes rs which means a profit of rs according to these calculations days and months which is trillion profit per day it becomes trillion in a year 
43,1559781625617072131,pakistan uses an average of barrels of petrol per day there are liters in a barrel multiply the used barrels by to get crore lakh thousand liters a liter of petrol is being sold by the government at rs and after buying rs per liter 
44,1559781623805132800, educators jobs ppsc k through ain ya nts k through 
45,1559781622525743104, w salam morning
46,1559781614376321025,you did a great job and deserved this post best wishes 
47,1559781603068596225, congrats
48,1559781600849690624, morning 
49,1559781596047282176, this is what i wanted to know for long
50,1559781595837595654, thanks 
51,1559781594558128129, w salam morning
52,1559781593241292800, w salam have a nice day
53,1559781590598914050, oh my god really sad
54,1559781587264454656,in an effort to promote intergenerational connections industrialist ratan tata founded goodfellows indias senior citizen companionship startup read more 
55,1559781583195983872, i am new here
56,1559781577672065024,checkout cursortek of plus like scraped from 
57,1559781572928323584, yeah 
58,1559781567987388416, good morning
59,1559781566640947200, fake news are you a journalist without verifying sending it to the public it could be your wish but not reality check out
60,1559781565403746308, yes cats are cute 
61,1559781560378957825, but its is not in main stream media at all i mentioned it you better read post first before giving stupid comments
62,1559781560307441664, haha is tweet pay hasna free hai 
63,1559781557623312385, done
64,1559781554972332032, indeed
65,1559781552724344833," jazakallah
have a blessed day "
66,1559781552086818821, thank you rafay ameen
67,1559781551004651522, more human rights violations in sindh including of minorities women and poor people
68,1559781548446158848, it is neither about selfishness nor about possessiveness it is about the place they live in the distance from the school and the means of transportation available to them to go to the school and back
69,1559781544214110209, children and infants exposed to tobacco smoke are at a higher risk for sudden infant death syndrome sids than children and infants not exposed to secondhand smoke 
70,1559781539327639556,nice meeting with senator waleed iqbal grandson of the great alaa muhammad iqbal 
71,1559781534386855937,due to heavy rain college is off it is raining daily 
72,1559781533602521094,first ever drone footage of 
73,1559781532453289989, will the people of pakistan be also sold out to some other country 
74,1559781532004491266, have any one pdf this one 
75,1559781525872201734, indeed
76,1559781517274013697,bhai sahab jail minister a pti person says gill was not tortured now which pti person shall we believe is not a crime in politics as dr house would say 
77,1559781510483480576,do you remember when you joined twitter i do 
78,1559781508826779648,absolutely right 
79,1559781508336041984, indeed 
80,1559781507803258880, legal notice day do unko 
81,1559781502862430210,love you and india awaits pathaan in 
82,1559781502229090304, your greatness is measured by your kindness your education and intellect by your modesty amp your real caliber is measured by the consideration and tolerance you have for others 
83,1559781502145249280, congratulations
84,1559781497489571840," w salaam
good morning "
85,1559781496931713025, way too hot it is climate change 
86,1559781495891435521, left one
87,1559781493874081796,day of mentioning i know one day youll like my tweet and reminding them to renew anne with an e 
88,1559781492024295425, i am scared
89,1559781490837307392, good morning 
90,1559781490115940352, agreed 
91,1559781489126133760, second thoughts noun noun second thought a change of opinion or resolve reached after considering something again on second thoughts perhaps he was right 
92,1559781480213118976, sem question
93,1559781477226872834, absolutely right
94,1559781474328608768, good morning
95,1559781469471522821, from balls 
96,1559781468737617921, mind blowing you have done a great job 
97,1559781466753622016, done 
98,1559781464983601153,govt should act before god forbid investment moves to more productive sectors than real estate 
99,1559781461124947974, cute n hot 
100,1559781457131880449,a texas youth football coach was killed during a fight over the games score witnesses toldpolice 
101,1559781453675782145, congratulations
102,1559781448885886976, be shak
103,1559781444779757569, congratulations you deserve it 
104,1559781438018420736,please 
105,1559781435841675264,this august the nights have a wintery feel chilly long and lonely 
106,1559781432498819072, congratulations and good luck 
107,1559781421782278145, ma sha allah u earned it
108,1559781415604162560,of course 
109,1559781410193408000,speech delivered by a young participant of the first ever held in the national assembly hall in connection with the of of pakistan 
110,1559781409404895232,just posted a photo new york u s a 
111,1559781407815356418, morning
112,1559781407479717888, this girl should be allowed to beat the shit out these criminals in jail and videotape it to public 
113,1559781406393647104,pm shehbaz may finally meet president xi the express tribune 
114,1559781406317940743, good morning
115,1559781405684600832, please accept my deepest condolences may your father rest in peace 
116,1559781400483618816," happy pakora day
"
117,1559781398298386434,that moment when you burst into tears in your room and you realize that no one know how unhappy you are 
118,1559781396637487104,practice positive self talk your mind is always listening 
119,1559781393592455168,my window os is very intelligent it opened everything where i had closed it 
120,1559781387280031744, it ends with us
121,1559781384176254976, enjoy
122,1559781384155283456,we plan your holidays 
123,1559781381466722304, n league current government of pakistans senior leadership foreign visa pa baaarle mulk rehti ha digest that 
124,1559781380367650817, may be 
125,1559781373258375170, ahn nice 
126,1559781366572744707, million only on paper what would be actual market value only of banigala residence 
127,1559781356393172993, in police valo k against case hona cheye
128,1559781353654206466,i can not do this anymore i am dying 
129,1559781353411039232,please drive carefully they have also emotions 
130,1559781349451497474, horrible lost for words 
131,1559781347866120199, would you like to through some light on your leaders home town mianwalu 
132,1559781342770089987, ste in inferior leads with reciprocal std with twi in avl flutter waves positive in anticlockwise type afl with variable block afl can mimic stemi i would simply repeat an ecg with carotid massage or adenosine administration 
133,1559781340584841216, good morning
134,1559781339917869063,brown couples exchange passwords and think they solved trust issues 
135,1559781338923810816,transition gives its patrol mtb a carbon fibermakeover 
136,1559781334175911937, where is woman and that guy which is so innocent
137,1559781330409463810,kissan livestock baithak sessions 
138,1559781326668054528,pls watch and subscribe 
139,1559781325766365184,lets start 
140,1559781324017336322, yea it is fact the difference in the time zone that makes us difficult to attempt quizzes on time 
141,1559781315930726404, hehehe mbl is the real clown 
142,1559781306371817472,husbands are dutiful a wife asks her husband go to the bakery and buy one carton of milk and if they have eggs get a short time later the husband comes back with cartons of milk the wife asks why did you buy cartons of milk he said they had eggs 
143,1559781301015683072, i waited hours for you it was raining heavily but you dint come out so i just put it in front of your door hoping you would find it and now you are telling me you did not receive all my efforts went in vain 
144,1559781297513500672,our work titled untrained neural network priors for inverse imaging problems a survey has been accepted for publication in ieee transactions on pattern analysis and machine intelligence pami excellent work led by adnan qayyum in collaboration with 
145,1559781292987879424, children and infants exposed to tobacco smoke are more likely to experience ear infections and asthma 
146,1559781289074606081, agreed
147,1559781285186469894,the things that are coming to us are because of our own look at the clarification msg of the girl on of august being a human and her daughter is a culprit this is not the way to treat woman 
148,1559781283886252032, good morning
149,1559781279771643904, i think you people are just making dramas we people faced shelling and torture but you people did not act practically so far unacceptable
150,1559781278978871298,we plan your holidays 
151,1559781273404674048, thank u so much sir ap na youth ka lia ya step uthaia
152,1559781261362741248,international dairy expo idex january expo center lahore pakistan for booking amp details 
153,1559781260670771201,federal information minister marriyum aurangzeb was trolled on social media for presenting wrong facts about the launch of the national anthem 
154,1559781260238721024, happy birthday
155,1559781256858140673, congrats
156,1559781255478132738,federal cabinet rejects proposal to increase the price of medicines 
157,1559781249128058881, good luck
158,1559781248935116800, why salaried class always victim to taxes but why 
159,1559781244396781569,india might consider spinning options ashwin jadeja amp chahal against pakistan keeping in view the fact that no pakistani batter in current squad having strike rate above in cricket since expect shadab khan 
160,1559781244371607553, beshaq
161,1559781244094877697, what you people are doing in assemblies why you dont make strict laws against them and implement them strictly 
162,1559781241536266240,we love pak army all of them r out proud 
163,1559781234745769985, w aslam
164,1559781231394521088, haha carry on 
165,1559781228525391872, barely anyone did it and those that did stopped doing it long ago not to mention they were advertised as comedy now youmake that comment in front of someone you get questioned by police 
166,1559781227514806272, we are pml n supporter but want muftah ismail resignation we are not youthia and can not support government bad policies kindly replace muftah ismail with ishaq dar or any other economist expert thanks 
167,1559781224301961216, i must say that there is no track amp trace system in fbr otherwise few registered retailers pos invoices would not had been un verified i made several complaint but no result i dont know when fbr will awake to take action against such defaulters 
168,1559781221994987521, hi naveed kindly share your number with us via dm so we can check your details gs
169,1559781219180679169, vulgarity is not the issue where and on which occasion it was performed is the issue
170,1559781218232705026, good morning
171,1559781213774270464, yup the wave is officially here my wife is down for the time perks of being a pathologist 
172,1559781205784109057,nawaz sharif ghulam hai from start boot polisher corrupt looter absconder 
173,1559781196388786176,congratulations for appointing as cheif commissioner of islamabad 
174,1559781196028149761,we plan your holidays 
175,1559781192609812483,did you know tom cooper is joint fastest batter to score odi runs in innings 
176,1559781190109990912, great work i was witness to the entire episode exceptional bravery well deserved ma sha allah
177,1559781168605806592,milestone in hen harriers trial after record number of chicks released towild 
178,1559781166479458304, good morning captain 
179,1559781164130394112, good looking 
180,1559781164071755783,na speakers reply on mna resignations issue sought 
181,1559781161991380993, laanat on you
182,1559781159936081923, perception is big but on some occasions national day is bigger pakistan zindabad 
183,1559781155162955778, vry bad
184,1559781154219237376, may b
185,1559781149005828098, congratulations 
186,1559781144639557632, good morning
187,1559781144119451650, is this siri paaye no what you are seeing is a tremendous work and wonder of nature due exponential rains grasslands and greenery has formed over gadani balochistan just a few km nw of even clouds are hovering down to hills this is simply beautiful 
188,1559781140264779776, thanks zong
189,1559781131104489472,"cash counting machine
model no automatic detection with uv and mg while counting
contact us uan "
190,1559781127342247936,an elderly woman and her daughter in law were severely injured by their rivals over litigation at chak l 
191,1559781123374333952, will they give any relief to salaried class yes they cant pressurise govt they dont have unions and specially all traders businessman are ruling in na pa 
192,1559781120908136449, right
193,1559781107146653696,introduce yourself with the nickname your favourite person gave you 
194,1559781106181935104, congrats to all of u amp thank u for your services 
195,1559781104323907585,man rescued from tunnel allegedly planned bank heist romepolice 
196,1559781099072618496, you are generalizing behavior of few as collective behavior of everyone do you stare a woman passing by 
197,1559781093095636992,if they can do that inhumane torture to then remember we general public are not even tissue paper for them high time to leave this country for protecting our basic human rights 
198,1559781089291411459, congratulations
199,1559781089220206593, good morning
200,1559781085277560833, beauty with brain 
201,1559781084761571330, i vote for 
202,1559781082547060736,covid claims five lives in last hours details 
203,1559781072833060864, wow old legends are together 
204,1559781069200711681,just posted a photo new york u s a 
205,1559781067657207808,consult not your fears but your hopes and your dreams think not about your frustrations but about your unfulfilled potential concern yourself not with what you tried and failed in but with what it is still possible for you to do 
206,1559781065585496065, wrong there are type of muslims you are right about type the normal muslims following quran type is moderate muslims they are overwhelming majority of billion they are the ones who will support the type of normal muslims with silence 
207,1559781065090293760,treat people with your manners not their 
208,1559781064755023872, absolutely not
209,1559781062561103874, congratulations
210,1559781059499155456, good
211,1559781055799984128, capital was for all intents and purposes cut off from the remainder of the country as the citys principal rail route line and the thruway which were harmed because of downpour are yet to be fixed 
212,1559781042030010368,the lahore high court has declared that refusal by a family court to entertain a plea of a man who voluntarily wishes to return dowry items to his former wife is bad in law 
213,1559781037831585796,reply me fast
214,1559781037093396485,this makes so much sense yahan tou kaam sy lay k personal life tak these so called fans want to dictate k celebrity kya karay kya nai bhai niklo yahan sy and jeene do 
215,1559781034346090496,love marriage or arrange marriage 
216,1559781030797594625, i would like to introduce you to shia islam and it is concept of imamah we believe there has to be a divinely appointed infallible caliph leader imam at all times hidden or apparent
217,1559781017329737729, he is a wrong number why is pti getting backstabbed over and over again he needs to be removed asap 
218,1559781016650350594, indeed
219,1559781011298213888, you copycat
220,1559781009792589824, good morning
221,1559781009343873024, nhi esy kahen ky phone sy fursat hoti
222,1559781008509206528, be happy in life
223,1559781007309643776,good work 
224,1559780998916759554,ada hitted and 
225,1559780985234984960,trump backed challenger beats republican liz cheney in us midterm primary 
226,1559780982848475137, well said
227,1559780982005399557,kingggg 
228,1559780978649927680, love it 
229,1559780977798516739, correct
230,1559780972962398208,handsome hunk latest instagram reel do like share and drop some comments in love with his chains rings bracelet amp watchs looking so handsome 
231,1559780965140119553,prime ministers assistant malik ahmad khan has justified police action against the pakistan tehreek i insaf pti leaders and workers on may saying the state foiled the conspiracy to dislodge the constitutional government 
232,1559780962787098625,today we can appreciate how as dc islamabad used solve such issues by talking with all parties without bloodshed 
233,1559780961960730625,welcome to islamabad 
234,1559780961197309952, crosswinds 
235,1559780960832524289,life sucks but atleast i got nvm they left 
236,1559780958320074753, how can she take gopers away from anyone if she cant even get a gop ticket 
237,1559780955316944897, amazing project 
238,1559780950061551616, good morning
239,1559780942197231617, based on international media reports its already more of a us army base we are conducting drone strikes for them supplying romania ukrainian style ammo spare parts of tanks or something to help ukrainians fight this war against russia amp more consignments will come in future 
240,1559780941995950081, happay birthday to you celeb allah pak khush rakhy
241,1559780938170699777, babe sad news stay strong sweetheart 
242,1559780933183672320, send
243,1559780927651418114,heavy rain thundershower expected in most parts of country pmd 
244,1559780922572013570, morning 
245,1559780921833914370, so beautiful 
246,1559780914250784768," thanks
have a good day "
247,1559780910039539712,hello pioneers might end this august and the real game will begin gradually protect your passphrase and beware of scammers follow me amp let us make a family 
248,1559780907493588992, done 
249,1559780906998587393,morning beautiful peeps
250,1559780902619811842, stay blessed nd happy 
251,1559780902389137408, thandy burgers ne
252,1559780893882871808, it does not show any upward trend 
253,1559780893732093954, yessh he was asking for uh
254,1559780892083687425, krtq bat me aunty se k ise phone hours allow kia hua 
255,1559780891467173888, phir
256,1559780891337039877,faisalabad women police station on tuesday booked suspects for abduction torture extortion and sexual assault on the complaint of a final year dentistry student after the city police officer took notice of the aug incident 
257,1559780888661135360, probably he does not have a daughter 
258,1559780886501113856, congratulations
259,1559780884664008704, good morning
260,1559780883741253633, shukria 
261,1559780875608461312, congratulations 
262,1559780873330900994, truly deserved many congrats
263,1559780869853679616, oh cool which fictional role was zoe playing for that interview pedo kravitz 
264,1559780867593101312, if you are not intentionally against pti and their supporters then have a look 
265,1559780859774902273, good morning 
266,1559780839885377536,and what about the future of all those indians who are living here from generations india is not a guest house that anyone will come here illegely and stays here 
267,1559780837171798016, owff 
268,1559780826665160706, cutieee
269,1559780825813630976, stay blessed nd happy 
270,1559780825738186752,live minister for climate change senator addressing ceremony 
271,1559780824450482176, indeed 
272,1559780810588315651, mn available hon free me apko photos bna k de dia kron ga please appoint me as your photographer
273,1559780807719387137, what is the real purpose of life that is given by almighty allah 
274,1559780803718135808," second thought
noun c without a second thought
if you do something without a secondthought you do it without firstconsideringif you should do it or not she willspenda hundreddollarson adresswithout a secondthought"
275,1559780797992898564, asha 
276,1559780791311286272, good morning
277,1559780790879371265,use your bat clarke kent 
278,1559780777847828480,breakfast 
279,1559780777688178690, rottweilers are different
280,1559780773884039168, the voice of sarmad qadeer in this song
281,1559780773179318272, although is not good man but i do agree with you that his security amp safety must b ensure 
282,1559780770545373184, when i got the opportunity i did not give it a second thought 
283,1559780765508009984, he knows this but he has to spin 
284,1559780764618616832,any doubt 
285,1559780762446069760, offshore account aur mills se fursat ho to 
286,1559780754300755968,do you remember when you joined twitter i do 
287,1559780750697840640, we to pakistani hate you 
288,1559780748894289921,absolutely the biggest flaw in our education system is that it is expected from the academia to produce research papers in bulk this definitely affects quality of research paper and of teaching as well 
289,1559780747833065472,flood relief camps by livestock and dairy development department punjab across punjab 
290,1559780746700759041, this is our internal matter mind you own business 
291,1559780735581659137, yes only divine intervention 
292,1559780733933305857, she is right at one point it is parents which must decide what heroes they should have while they grow up not school or society every good parent has right to monitor what their children feed at 
293,1559780730661634051, good morning
294,1559780729147588609, same
295,1559780722390585344,shame on geo 
296,1559780720805117952, update forming a rising wedge pattern and it is about to break a rising wedge is a bearish pattern a break in a downward direction will send btc towards the support level we will see a break of this structure by this weekend 
297,1559780718863159296,i didnt want to see this fuckers face ever again in my life n yet i had to meet him he was on my interview panel and the fact that he recognised me and screamed my name with his evil laughter smd boy i know i can kill any interview im in so jox on you 
298,1559780708037664768,congrats champ i hope that silver is not last 
299,1559780705349115910, love marriage 
300,1559780705080692738,being content with your own company is extremely important 
301,1559780704917098497,family finds several bodies stuffed in cases at unit they won in storage wars style auction sparking serial killerfears 
302,1559780695504986113, if the divine appointment of the prophet s is established then the prophet s appoints his successor a series of appointments follow from there this is the shia view of khilafah imamah which is more logical and coherent
303,1559780687351275521, good morning
304,1559780685145071616, get well soon 
305,1559780681831563267, open challenge for all muslims name the pakhtun sahabi 
306,1559780673380040704,weather in islamabad 
307,1559780664475516930,iraqs firebrand shiite cleric moqtada sadr backtracked after earlier urging his supporters to join a massive rally read here 
308,1559780649032097792, its getting tougher by the day to avoid getting embarrassed in this setup 
309,1559780642430361602,my favorite person only in the world 
310,1559780638605066240,assalamo alaikum good wali morning friends happy wednesday khush rahain abad rahain 
311,1559780625749606400, good morning
312,1559780615871938562, you know whos the most amazing person in the world read the first word
313,1559780613464461317, morning 
314,1559780611753222144, stay blessed 
315,1559780606514548738, my favorite person only in the world 
316,1559780598453002240, why muslim world doing nothing just condolences and take dollars from israel supported us
317,1559780596628480002, congrats
318,1559780594007134209, deserves respect for taking the right decisions by following the set formula and protocol amp not compromising national interests over political gains although has her own political stature amp opinions she should not interfere in portfolio
319,1559780585605926912, have a good day
320,1559780580971188224,please 
321,1559780576613351424," hii
what is up"
322,1559780573471703040, these cats want apology 
323,1559780563434758146,just posted a photo new york u s a 
324,1559780549400711168,same here father robolex mother netflix 
325,1559780548075298816, he is tax payer uk good gives respect him 
326,1559780547416702976, not on air in dist bahawalnagar
327,1559780544690413568, done
328,1559780541586481152,today i came on conclusion that hmry govt officials ko khak b nhi pta 
329,1559780541150412800,it seems like mufti sb always know what kind of advice we need 
330,1559780534330482689, mery pas time nhi hota
331,1559780532287950848, great 
332,1559780531147005953, lol feeling bad for ya
333,1559780529758736384, nadeem sb you had great respect earlier but ab ap rco kay moharay sabit huyea hain
334,1559780526327844864,let is a poll will you come out to support dr shahbaz gill if he is delayed or denied justice share it with your friends to raise voice imported govt must take note 
335,1559780526051008513, beautiful
336,1559780523412754432,"cash counting machine
model no automatic detection with uv and mg while counting
contact us uan "
337,1559780521382744064, they arent
338,1559780518102810626, honestly
339,1559780515900702721, stay blessed 
340,1559780515275743232, dollor nhi oil rates km hoe he mgr mian sahib ne petrol ke prices increase krdye 
341,1559780514717990915, view beautiful 
342,1559780514223079426, oh please you may make billions more if you pull this off 
343,1559780512167772163, good morning 
344,1559780499111002112,indeed a bad news its may he be awarded with best of health amp golf fortune prayers amp thoughts with her 
345,1559780492551110656, joker
346,1559780491540283393, hello how are you
347,1559780480584744961, hahaha exactly bdw i must appreciate ur observation strength here 
348,1559780472066039809,order of union awarded to emile lahoud prince salman bin hamad al khalifa the prince philip prince willem alexander mr bill gates and sergey lavrov coas medals already awarded 
349,1559780470849667072,the world is headed toward disasters in every aspect
350,1559780451329495042, i wish
351,1559780446325673984,i can still see people arguing keh result bajay aay ga yeh bajay 
352,1559780439891791872, ok but what about you 
353,1559780438561923076, pls be fake news i can not afford to hate miftah yet 
354,1559780437928693761,i wish i could honey 
355,1559780436112510979,heal inspire and revive 
356,1559780430315937792, im almost done with uni gurl its all a lie 
357,1559780428118122500, noted sir 
358,1559780427614797826,being an ordinary pakistani i feel an air full of fear despair panic and gloom around me the decision makers consider my land their chessboard and play violent moves and do not bother our sentiments is there any door we should knock at to get relief 
359,1559780425496764416, thank you 
360,1559780424590786560, god bless you 
361,1559780420291543041,covid statistics august total tests in last hours positive cases positivity deaths patients on critical care 
362,1559780414348316675,maralee nichols shades tristan thompson again amid child supportbattle 
363,1559780412184043522,frankly it depends from person to person like for nargis and people like that the explanation of vulgarity is way different from the middle class in high classes specially media industry they perceives things normal which middle class takes as vulgar 
364,1559780399164915712, jazak allah sir hope it will be completed on urgent basis
365,1559780398498029569,this is everything we need to boost our skills confidence international clients are amazing they provide opportunity they wait for you to put your best they do not forget to give you a reward tip paid 
366,1559780398183358464, bs award py hi khush hty rehna
367,1559780394953854976, fuzool
368,1559780388578418688, that is so obvious mf 
369,1559780385130745856,okay pindi keep going 
370,1559780379866939392, good morning
371,1559780377677500416, please comment
372,1559780377316794368, welcome
373,1559780372732227584, over my dead body
374,1559780368554889217, wslam morning 
375,1559780366235344897, listen komal if life gives you a chance be a doctor or teacher not cricket journalist or expert 
376,1559780358400479232, same here
377,1559780357876097026, sab is one of the most impressive sports analysit in our cricket fraternity and sports shows 
378,1559780345905545216, some people still wonder why messi runs horizontally sometimes they have never seen assists like these actually 
379,1559780324229480449, morning
380,1559780318944583681," light up the pink
i bring the pain like
pink venom mv teaser "
381,1559780311764017153, eak dafa inka kera mar he lyna du but i am afraid it would not
382,1559780306202365952," w salaam
good morning sweetie "
383,1559780305485152256,mosam 
384,1559780303585034241, o get well soon brother 
385,1559780300741398532, bro she just threw you under the bus dm her to delete this imo 
386,1559780297910231045,the only viable solution to the present state of affaires is to call an all political parties inc pti roundtable conference by the president of pakistan the apc should have a clear agenda of conducting gen elections elec reforms in govt etc 
387,1559780292356874240, good morning 
388,1559780284731740164, dear customer complaint is noted and forwarded to concerned sdo 
389,1559780283418820608, dont agree
390,1559780281040736256, exactly right
391,1559780279916576768, as if he would listen to your advice 
392,1559780270315806723, good morning
393,1559780268059287553, morning
394,1559780267098722304,gen z and me 
395,1559780259272204295,i think is the most under rated journalist loved his style of journalism always 
396,1559780259205189632, same to u
397,1559780255728128004, fb plz 
398,1559780243082190849, exactly
399,1559780241421131778, may we never run out of good energy lt 
400,1559780236018974720,this is 
401,1559780236006461441, huge winning project
402,1559780234953719812, still same 
403,1559780230763520000, keep shining and rocking
404,1559780223780102151, one of the biggest and wonderful most beautiful mosque in the world allah pak masjid e nabwi ho hamasha abad rakhy ameeeen 
405,1559780223624806400,rejections make you istronger not weaker 
406,1559780223327125505,who is christi dembrowskis husband 
407,1559780221452263425, whites are hot
408,1559780221183721472,if you know you know
409,1559780217836736515, mafroor ishtihaari corrupt legally incompetent exactly wo kiu betha ijlaas m kis n osko pakistan k legal affairs m interfere hony ki perm did democratic state h lihaza hm awam n to ni di why 
410,1559780211071270913, a very interesting perspective however chancellor olaf is a democratically elected leader who belongs to the centre or centre left sdp pres macron is also a democratically elected leader belonging to a liberal political party 
411,1559780210689642497, keep shining and rocking
412,1559780210089906181,calm in life 
413,1559780203504832512, good morning
414,1559780200031846400, dear customer your complaint is noted and forwarded to concerned sdo 
415,1559780199453032451, i meant asal wala shadab khan bro 
416,1559780197313945601, kamisama kiss ahhhhhhhhh my favourite rom com anime 
417,1559780197033021440,here are the latest updates on cases in for more details amp 
418,1559780196714254337, i join daily to learn and earn tokens download and join me 
419,1559780196626178049,female student kidnapped sexually harassed in faisalabad 
420,1559780194537316352, english again 
421,1559780193597902848, keep shining and rocking
422,1559780191672713217, why thank god for guli
423,1559780191005806594, the holy quran amp the life of holy prophet pbuh has outlined basic principles of islamic political system amp the structure was left for the man is reason amp wisdom to decide upon with changing times amp circumstances 
424,1559780179483967489, why not mentioning businessman is name must be exposed
425,1559780175310721025, keep shining and rocking
426,1559780172865458178, english please 
427,1559780163444932614,just posted a photo 
428,1559780161712685056,investors from oman have expressed their keen interest in investment in pakistans railway infrastructure development amp power projects al anvwar asian investments expressed their interest in the construction of a kilometer long rail track from gwadar to jacobabad sindh
429,1559780160794140672, keep shining and rocking
430,1559780156671234048,replace india with south asia and it is fits 
431,1559780155274444801, glory to god
432,1559780152359485441, everyday is a sad day 
433,1559780141462700032, congratulations 
434,1559780137410895873, keep shining and rocking
435,1559780136236580864, love from pakistan
436,1559780133891891202," mubarak
many more to come in sha allah"
437,1559780131857743872, good morning
438,1559780127243964418, morning 
439,1559780124245082115,arshad sharif welcome youtube chanil 
440,1559780115072131072,good morning after throwing up breakfast
441,1559780110047318016, keep shining and rocking
442,1559780109090955264, thanks for correction i tagged wrong id 
443,1559780108516335616, kesy
444,1559780107765649409,"proposed to someone no
broke someones heart maybe stalked someone here no
went to a restaurant alone no
went for a movie alone no
made a prank call no
wrote a poem yes
ran in rain yes
got beatings from a teacher yes
had a crush on a teacher no "
445,1559780106880667648,attended competitive trading amp bilateral contracts market at headquarters islamabad on aug had an interactive post session discussion with the officials 
446,1559780105873940480, ghobi hy ye to
447,1559780101134360576, i have always participated in these competitions but never won anything would love if i could get this pc 
448,1559780098470993925, keep shining and rocking
449,1559780096222941184,on point i believe if we can not find any we need to become one first 
450,1559780096164216835, match main us ky wickets hai
451,1559780095438557190, i m good and you
452,1559780089939869697, happy independence
453,1559780089562284032, keep shining and rocking
454,1559780086433271808, she is a pedo because it is a horrible thing to day and she said it anyway if someome said or years i want to kill jews whether he is convicted or not he is an anti semite 
455,1559780086324215808, though i really am loosing hopes about the story and the fact that this will work still i will do it why leave a chance to rant lets pour our frustations out 
456,1559780083870703616,together work in all paletfom should the leadership 
457,1559780083166072832, after being pm of pakistan for three times this is what he had to face everytime those who choose money and power over nation building will be tried the same way as this woman is asking him to come out and answer the questions a great shame for ns 
458,1559780082163630080,some us states and mexico must cut their water usage to avoid a catastrophic collapse of the colorado river washington officials said as a historic drought bites read here 
459,1559780080901029889, good night 
460,1559780079009513473, you are right
461,1559780074307608576,torture to shahbaz gill is unacceptable international human rights organisations should play their part against this brutal torture with shahbaz gill in pakistan 
462,1559780073611345921, keep shining and rocking
463,1559780067273760769,karachi desperately needs lg elections ex ag tells sc 
464,1559780066791510016,pti leader hammad azhar said the federal governments debt under pml n rule has risen to rs trillion in just four months but no headlines in papers thats the power of advertising 
465,1559780066057396225, test case for pti government in punjab
466,1559780064253837314, always welcome murshed 
467,1559780059719892992,arrest him 
468,1559780052363010053,university of sialkot is proud to announce another addition to its postgraduate programs we have acquired the noc of phd english amp linguistics admissions open fall visit main campus or visit our website for more information 
469,1559780050391781376, done 
470,1559780048323870720, receive i receive apki din sy sim band hai we are not same dear 
471,1559780041399091200, good morning
472,1559780035753656321,mivida city balloting and possession ceremony august mivida sprin via 
473,1559780032133873666, done 
474,1559780030439456769,any doubts about which foreign forces brought imran khan in to destabilise pakistan and what a good job he has done for his masters 
475,1559780030355488770, shame on you 
476,1559780021111250951, keep shining and rocking
477,1559779999795892224, received views from youtube pakistan on august 
478,1559779998890082304,good 
479,1559779990681567234, cheesecake
480,1559779988982857731, good morning
481,1559779986608906240, haha nhe actually i meant k book parhne se neend ajati ha foran is lea 
482,1559779986365612034, great initiative we hope that recruitment process will be accomplished within no time 
483,1559779983631044608, done 
484,1559779983521898500, congrats
485,1559779981089275904, very sad news rip 
486,1559779981059923969,aviation update 
487,1559779978727886848, plz verify the account of sab we want blue tick in front of his name 
488,1559779973455663104,which one are you sunrise or sunset i love sunsets gt gt gt gt gt gt gt 
489,1559779966979641345, thank you sir 
490,1559779961724092416, they should leave pakistan and leave the country to these people as its their inheritance as corrupt generals corrupt judiciary bureacrates and two face society its useless to look at this system for justice and implementation of law
491,1559779960453308416, no i am double
492,1559779952412790785, so sad 
493,1559779946519830529, good morning
494,1559779945156673538, do you even know what is homophobia 
495,1559779941755064322,cyber i us offers reward up to million for information about the conti gang
496,1559779935862005760,just posted a photo new york u s a 
497,1559779935140696064,sir your kind attention for notice speedy trial and punishment is required persons are arrested but shall not be released prosecution favour if can be granted 
498,1559779934603804677, maybe he want to become your friend
499,1559779934549282816,president uae sheikh mohammed bin zaid alnehan presenting prestigious of union to coas bajwa this award in past has been awarded to prince williams prince philips bill gates sargai lavrouv 
500,1559779933228093441,differentiate between good and bad woman
0,1558956817799348224, she is shilling so hard for that white boy when he is just cringe megan is really trash 
1,1558956812728164353, cuz u fantasizing my lil bro
2,1558956780545351681,question of the day 
3,1558956779274371074,guys this is nonsense and unappreciated do not drag people is families especially kids please 
4,1558956778162978816, are not you the na foreign affairs committee chief in the present government under the you have lost the right to speak about anything let alone the balochi people while you are part of the polishing club
5,1558956744562429952, stretching check karo is weight pe 
6,1558956729953574913, fav madrid player 
7,1558956685917560832,that shark game 
8,1558956685456203777, ignoring is the best revenge
9,1558956665822711808, it was not even a family program btw and you the prime minister of islamic republic of pakistan appreciating the most ashamed independence day celebration with that much courage 
10,1558956661900906497, respect
11,1558956643081228288,schiff says hes seen no evidence that trump declassified documents found at mar a lago 
12,1558956637490135040,for the ppl who bless my tl everyday 
13,1558956624684924928, this is hilarious 
14,1558956619798650880,may god bless you and bring more happiness and success to your life happy birthday to you 
15,1558956601473630209, good morning
16,1558956542422126597, you have played such great knock azhar ali salman agha imam abdullah should learn from you well done brother you did exceptionally well 
17,1558956539825758209, good morning
18,1558956536487108610, what happen on this time 
19,1558956515859599363,nehru and mountbatten collaboration is confirmed nehru saw the secret documents partition date was june but mountbatten hastened it to august hence very poor preparation amp million deaths has tried to balance it 
20,1558956503427604485, the people you just addressed i also want to ask them is it our culture custom or is it what we meant for freedom 
21,1558956492346327041,brooklyn and nicola peltz seemingly add to victoria beckhams worries with new steamysnaps 
22,1558956490081312771, so the only way to respond is with freedom of action 
23,1558956484188307457, congratulations 
24,1558956469663535106, wassay bhaai very poor movie or apki acting soo soo sad to see puri movie main apko lag raha thaa guy ka cracter diya ha hamyon saeed perform not well perfoem kiya karta story ma hi jaan nhai thii punjab nhai jaon gi far better then this
25,1558956451451772929,mandy moore showcases elegant pregnancy style as shes honored at hca tv awards tifnews 
26,1558956421936566273, it is the final countdown huh let is see 
27,1558956411429740544,uzma bukhari v who is gonna win the match an interesting match is going in midnight on twitter and i am enjoying it 
28,1558956402886025216, mein sadqay onna tay 
29,1558956389829066752,this picture was taken on the of august first guard of honour to the governal general of pakistan mr mohammad ali jinnah where pakistan is national flag was mounted with panja e maula ghazi abbas on the top 
30,1558956385823588353,wheres this music from 
31,1558956347693178881, no problem it happens
32,1558956303434715137, idk what is the point of hatred this guy is showing love for his country with beautiful skill appreciate it or leave everyone knows we are all completely gross stop fantasizing and glorifying your stories pakistan abaad rahe 
33,1558956284724011008,understand the sentiment but feel like saying this was pretty unnecessary you say you dont mean to invalidate those who have these sentiments but phrase it as if youre annoyed by them 
34,1558956274083053568,guys claim asap 
35,1558956254587928577, you can not compare the status of your parents with that of prophet mohammad pbuh ahmad noorani is a total noob and lacks the knowledge on the subject matter it does not matter what he thinks so do not give importance to opinion of every tom dick and harry
36,1558956231317929986, answer please 
37,1558956191488921600,it is am and i have been watching bts interviews since am 
38,1558956185381994496,workers going into office just days a week surveysuggests 
39,1558956183628775426, ok thanks for the information 
40,1558956160199413760,do not try to hold back laughter via 
41,1558956157363961859,lg plans to introduce inch oled panels thisyear 
42,1558956142382006273,china and pakistan reluctant to fight terrorism balwan nagial the blogs 
43,1558956108336726017,great gesture by 
44,1558956107548266498,safaree and kimbella twitter video safaree kimbella viral video safaree and kimbella leaked video 
45,1558956106701049859, just enjoy and ignore her spokes person of pmln 
46,1558956070629957634,it was like yesterday 
47,1558956064858689542, deal with this guy please
48,1558956059234115584, let is focus on smt because ain kai liya lkahon batien hosakti hai or adeel bhai bhi hongain kal it is a big space tomorrow
49,1558956020491231236, btc news 
50,1558956017408434176,happy independence day 
51,1558956017169432576, in a few months i think time is not real 
52,1558955989386362882, yeah yeah
53,1558955985049378821, i love you more hoor meri jaan
54,1558955983593955329, btc news 
55,1558955972755873792, the thing is if you truly believe in something stay true to it work hard and never give up then no matter what the circumstances are you will succeed also if you change the way you think you change the world around you 
56,1558955954162507777, so jao
57,1558955938119311360, would love to chat with you about this story some day 
58,1558955924793991169, stop wasting time with a joker who thinks talking against military leadership political interference and bringing thugs like nawaz in power is somehow anti army in reality he is anti army
59,1558955890581147649, point
60,1558955889712922626, imran bhai video upload krain please 
61,1558955883362672640, good
62,1558955871912312832, thanks love canada 
63,1558955868502347777,i havent left the house in ten days im unable to sleep always annoyed and angry i feel like i dont have any energy left to fix it anymore 
64,1558955866686193666,surviving
65,1558955864261906432, congratulations 
66,1558955860986044419, and general faiz out
67,1558955857613914116, he has bad taste i cant 
68,1558955842678013952, your outfits are out of this world 
69,1558955829277212673,this is so cute 
70,1558955821949718532,mera desh mere jan i love my pakistan 
71,1558955818095181829, well deserved
72,1558955757101539329, there are only women in the world that know how to dress megan olivi vera farmiga
73,1558955756786958336, do not check your dms you might see your address ip hardware id social security your pick ems your diet plan
74,1558955750596255752, pierching how painful it is 
75,1558955734611775488,adobe premiere pro crack tutorial download premiere pro version free new crack link password adobe premiere pro is the leading video editing software for film tv and the web creative tools integration with other ado 
76,1558955717805178887,adobe after effects crack free download ae full version august link password with adobe after effects the industry standard motion graphics and visual effects software for windows pc you can take any ide 
77,1558955714995015683, happy august 
78,1558955709592633344, keep smiling and keep singing also do not forget to sing a ghazal some day soon 
79,1558955701615091712,sony vegas pro crack full version sony vegas free download link password vegas pro is your project companion from start to finish edit professional video and audio material in high resolution formats up 
80,1558955686901563392, sketchup pro free download crack sketchup sketchup pro link password sketchup pro is the most intuitive way to design document and communicate your ideas in it is a modeling compute 
81,1558955673370648579,who changes monkeypox variant names linking it to africa complete name change on the cards tifnews 
82,1558955666483691530,adobe lightroom crack install free download update fix tutorial august repack link password adobe photoshop lightroom gives you everything you need to edit organize store and share your photos acros 
83,1558955655964360705,balochistan levies force lady constables contingent during august parade 
84,1558955652533424130,at the end of the day i just wanna be loved properly
85,1558955649182089221,adobe illustrator crack adobe illustrator free download illustrator crack link password adobe illustrator is the industry standard vector graphics software for windows pc that lets you create logos icons drawin 
86,1558955643293384706,the reach 
87,1558955638994132993,india is anniversary modi is proving pakistan is case for partition 
88,1558955631448662017,adobe audition install tutorial activation adobe audition crack version free download link password adobe audition is a comprehensive toolset that includes multitrack waveform and spectral display for crea 
89,1558955620568649728, thanks ily bro
90,1558955619624837121,animate crack adobe animate free download new version august link password with adobe animate you can design interactive vector and bitmap animations for games apps and the web bring cartoons and banne 
91,1558955591871127553, turner wins 
92,1558955590872973312, this should be the best one then 
93,1558955551912071169, we love you and stand with you 
94,1558955549491961856, fact facebook ads are used by of marketers and there were million active advertisers on the platform in social media examiner statista 
95,1558955545939378176,daily use of multivitamins not beneficial for health study 
96,1558955545381552129,in modern civil services of pakistan how many grades of services exist a b c d lt more gt 
97,1558955539916361731,"the time period of f w taylor was influenced by a industrial revolution
b agrarian revolution
c social revolution
d scientific revolution lt more gt "
98,1558955533557633024,in which of the following year herbert simon got nobel prize a b c d lt more gt 
99,1558955532513419265, good
100,1558955529367478272,"position description is a written document of the duties responsibilities and covering titles of a managerial jobs
b non managerial jobs
c skilled jo "
101,1558955523713769479,the fresh air and a lost me gt gt gt gt gt gt gt 
102,1558955523705229312,"the decision making done at the time of earthquake of in pakistan is a clear example of a structured decisions
b repetitive decisions
c non progr "
103,1558955518693081088, challo 
104,1558955491748978689,trent from never have i ever is so fucking funny 
105,1558955412480737280,"in a nation of frightened dullards there is a sorry shortage of outlaws and those few who make the grade are always welcome
hunter s thompson"
106,1558955406550093826, sunty jain
107,1558955404641857536, the reason behind this is just like forced diversity there are sjws who will take any representation given to them 
108,1558955372471271424, good night 
109,1558955368029511682,damnnn boy 
110,1558955361939427330,bitch for the greater good 
111,1558955336995946498, i replied to the other person 
112,1558955316355670017, youre savage 
113,1558955316263395328,top story no comments see more 
114,1558955287318564865, time to point fingers at each other 
115,1558955283992514562, oho i thought you understand urdu btw i just ask when you join mediavine the rpm is same or it goes up as the time pass 
116,1558955281761067011," let me tell you all bird app ppl the only loyal and caring friend of taylor is joseph just him
turner and monte are loyal to leftovers which is great but kyle michael brittany r snakes idk why people can not see that michael literally used tay story last week in his speech"
117,1558955273691316225, best country in africa btw 
118,1558955270750932992, reasons why mlm companiesfail 
119,1558955257216081921, suppressed opponents and organization from gatherings 
120,1558955240560418817, imperfect caption without giving the name
121,1558955236118724608, right
122,1558955230275985413, i prefer writing it in my diary may be if you have very close friends who can listen with an intent to help you only than you should be messaging them 
123,1558955230146035712,hitler blindfolded the german nation with the following tactics which leads to destruction inflamed national pride created fanaticism in the nation by making a group a target of hatred fire with speeches systematic use of propaganda 
124,1558955229302980608,a teflon slacker 
125,1558955217361715200, green
126,1558955185686413316, congratulations 
127,1558955179986255872,former us president donald trump demands returns of documents seized in fbiraid 
128,1558955173988499458, come on family irrespective of his innocence he is the chief of staff of 
129,1558955169609555977, happy indepedence day to india
130,1558955159639756805,no party has the right to hide its funds from the public fawad said 
131,1558955131953381376, all of them suck the predator looks ass 
132,1558955119194112000, inshaallah and we shall beat us interference 
133,1558955103952011266, i have sviper
134,1558955095190036480, he was not a secretary back in either 
135,1558955073543311366, true
136,1558955046682955787,its time to take a step towards sleeping pills
137,1558955044279648260, happy independence day beta 
138,1558955031872905218, yess the editing was nasty on this one 
139,1558954982795350020,jennifer lopez amp ben afflecks daughter violet in nyc photos 
140,1558954981037834242, good job
141,1558954973815357441,"amen
thank you jesus christ "
142,1558954962264080385,hey jotaro i am talking to you are you ignoring me 
143,1558954958644469760,funniest cats via 
144,1558954954932604929,good morning developers one reaction for all the time and yours 
145,1558954951254196224, i cant even trust the process now pichle saalon se yehi karhi hun i have no hope k i will receive the same love i have given 
146,1558954949672837120, lolzzzz
147,1558954889874636805, where r u from btw 
148,1558954864193032199, well morals became the reality do not they i mean just look at the history the moral of the two nation theory and a separate nation for muslims of the sub continent the hardship and the will to work to safeguard what we believe in the fight against all evil and tyranny 
149,1558954848833470464, thats rare and youre lucky mashaaallah hope it stays like this forever for you ameen 
150,1558954837626261504, send please thanks 
151,1558954832861532162, sure my dear 
152,1558954824963694592, happy birthday beta 
153,1558954824481341440, lanat beshumar in donu par
154,1558954819934625792, i love doing things w u also ily
155,1558954818215051264, well deserved
156,1558954790696140800, very good
157,1558954789064491008, phir hum best friends hai naaa 
158,1558954761319333889,well done qaiser 
159,1558954746148524033,anyone watched channel india if not them please watch it on channel catch up as i have often said quaid e azam wanted separate homeland for muslims bcz of the events in europe ie holocaust nehru had an affair with edwina amp had access to top secret documents
160,1558954734463209473, it will be
161,1558954682655145984,true culprits of pakistan 
162,1558954677944717312, i have no
163,1558954658621792256,hahaha rocked 
164,1558954626933821443,happy independence day dear indians and my sidhu fans 
165,1558954625826316288,two of blind mystic baba vangas prophecies for have come true heres what else she predicted 
166,1558954611918209027,it will and should not be for pmln but for pakistan 
167,1558954602162229253, not on
168,1558954593043750912, wadiz for a reason
169,1558954582562295818, i see a murad saeed in him 
170,1558954581773664256, yes no doubt
171,1558954575247409152, exactly was the above a jalsa where just anything goes national image is sadly in the hands of the current govt they should leave their kitty party mindsets at home go to in the video below to understand the difference cheers 
172,1558954572588138496, thanks brother 
173,1558954558176600069, i am also
174,1558954556813463554, agree with the post 
175,1558954555785748480,liberty roundabout on night of august is neverrr not jam packed 
176,1558954501977128960, best picture
177,1558954495069011969, jet with sonic barrier reach he should not give importance to such unworthy incompetent sycophants 
178,1558954472604319744,i dont party bc ain shit to celebrate rn ian rich yet
179,1558954466480635911, you know well that you are fighting a losing battle
180,1558954460063449088,had a interview with inshallah we will lead our country to haqeeqi azaadi 
181,1558954455709663239, yes nd u 
182,1558954442350804993, ready do it
183,1558954433668587521, have fun 
184,1558954417876975617,freshwater sponge aquarium filter and ideal biotope companion 
185,1558954416350322689,pay what you want for lifetime access to aws e books and possibly win aprize 
186,1558954414152499202, made sm memories i love these photos
187,1558954397987749890, beautiful
188,1558954395441692672, congrats bro you proved me wrong
189,1558954388940460032, yeah just because of the dopamine rush in body 
190,1558954376110252033,i was in a death situation so iguess i look at shit different from others
191,1558954367855853576,when does only murders in the building season episode premiere on hulu exploreddetails 
192,1558954348067098624, nice dp 
193,1558954341981384705, happy independence day 
194,1558954337958772744,congratulations amp for presidents police medal 
195,1558954334997696518, done
196,1558954330925023234, thanks for the compliment 
197,1558954327443652608,fauj k agianst hai ya means raw agent fake id block and unfollow 
198,1558954310163103746, nice
199,1558954301787148288, anne waah
200,1558954299744550914,machine gun kelly
201,1558954283399352320, ahan
202,1558954269654614017,woh bus moonis elahi was feeling horny like a bitch aur pass sirf ig sahb hi kharay thay 
203,1558954221646512130, how was your experience working with this qureshi phsycopath 
204,1558954219893293056, ahan
205,1558954199697825794, so beautiful 
206,1558954197613248512,started to prioritize myself and suddenly a lot of people hate me now
207,1558954173772795904, please notice this 
208,1558954144634810368, said the coward who can not even reveal his name 
209,1558954139400523776, sir you are awesome
210,1558954132509458434,prolonged onerous duties overworked yet underpaid 
211,1558954099928084480, keep shut your mouth
212,1558954090125840384, ye to saleem safi ka first cousin he
213,1558954076984991747,taliban violently disperse protesting women in kabul if taliban are not intelligent enough to deal with a small group of women peacefully how their legitimacy as rulers will be established pakistan world power manifesto 
214,1558954070005645312,watch prologue link here 
215,1558954055938019330,cheating is a choice same as loyalty make sure your choices do not bruise your conscience 
216,1558954039089549312, steve mcrae is racist he says hey you black man can you make a video for me then laughs about electrical wires to the man is nipples amp a noose a noose on his neck he finishes stating he loves stuff like that here the video 
217,1558954001374351360, steve mcrae is an anti semite he uses the word shekel historical judean israeli current israeli currency as a synonym of dirty corrupting money to avoid those connotations shekel has been replaced with coin in biblical passages silver coins 
218,1558953994227273728, pity both fell to lowest level in disgracing each other badly exposed themselves may they had known that one who avoided could be better placed but continued spitting at each other amp darkened own faces may allah have mercy on hold ur horses 
219,1558953988271259648, ma sha allah always a pleasure listening to your analysis
220,1558953973054332928,i made more than a million dollars since mostly from my digital agency and e commerce businesses and after all these years one thing i learned is that handling money is not the same as earning money download the book for free from here 
221,1558953969203953664,currently situation of lahore 
222,1558953926409469953, okay then do not bother asking strangers if u have already decided stuff
223,1558953915265302531, cool 
224,1558953910252933122, it is just a joke bro why are you taking it so seriously 
225,1558953907367211008, the crown manifest jane the virgin
226,1558953897267437575, damnnnn mind blowing 
227,1558953885665992710, no idea what hes up to 
228,1558953884135079940, this one spin change the whole gsme 
229,1558953834164224002, weverse translation thou 
230,1558953823389057025, i did that to india but now i play against india and make them score in overs by bowling wides then i chase it down it is far more satisfying 
231,1558953789595430912, i cant talk on his behalf hes never been my colleague either this was one time transmission that he co hosted with me 
232,1558953776744206341,adeles hello songs of remembrance npr 
233,1558953758457053184,i am gonna treat you better 
234,1558953758129733632, enjoy dear
235,1558953733383503874, dw about that i have a friend who can make it happen
236,1558953720108515330, why to choose cotton when silk is available shib
237,1558953719127048198, happy birthday 
238,1558953719106048001,just learned about juventus scandal
239,1558953707907186688, some very loyal mature friends i am sure that woman isnt frankly worth your time 
240,1558953697773748225, to kya howa at least you are safe so enjoy your life and stop using tweeter we do not need your research it is adding nothing in the wellbeing of society 
241,1558953696074993664, say about editing 
242,1558953677918011392, ahan
243,1558953664416473089,neelam muneer leaves fans in awe with newphotoshoot 
244,1558953612641910784, a corrupt general promoting corruption every where 
245,1558953583558770690, do you have anything else to say or are you a bot 
246,1558953529519222784, i could excuse that dress if it was not for blatantly sexualizing her as a seductress after all americans and westerners know little about authentic chinese dresses they probably just saw it in movies and went with it 
247,1558953517494288384, cute
248,1558953482090053632, ahan
249,1558953452268621825, as salam alaikum host amp fm listeners karachi mein independence day kee celebrations kesy public ne enjoy ke 
250,1558953450263777280,courage got poisoning a day before i wore pakistani cotton shalwar by time i reached vet it was torn i felt so embarrassed but did not go home to change so i tied a dupata i had around me frm now onwards only pants when taking dogs out traditional dress is not durable
251,1558953442521251840, or even trip and fall mr joestar your body will suffer damage several times my own 
252,1558953411973881867, 
253,1558953404189261827, ap bhe start sir 
254,1558953386371842051, talented log
255,1558953373226901505, if it was some ordinary account these responses might just have been fun but unnecessary banter by verified official accounts lol 
256,1558953366834843648, the biggest munafiq ahmed qureshi is kashmir is occupied while all honky dory with israel the bigger oppressor 
257,1558953340960137221, much enough for all 
258,1558953331946655749, barking dogs seldom bite leave it
259,1558953327441887234," lets goooooooooooooooooooooooooooooooooooo
come with eth and still get rejected by us "
260,1558953319455940610, point 
261,1558953300506005504,pakistan has been going through rough change amp no one other than imran saab is more capable to get things better because it is courage to speak praise of india given india is our biggest enemy he says what is out there not what is expected he deserve pakistan is support 
262,1558953297507221504, your highness its not birthday it was freedom for which muslims fought for years 
263,1558953259510939648, cool
264,1558953246990942212,gazprom ramps up gas flows to hungary the expresstribune 
265,1558953243895648257,article link 
266,1558953239952986118,love from istanbul 
267,1558953235515412487,peoples liberation army boasts of increased reach in the skies before taiwan straitcrisis 
268,1558953234378752001,we all fall how we get up is that matters 
269,1558953231635595264, time really flies like no other thing but what has happened to your colleague he has been in hot waters for his controversial opinions and statements p
270,1558953211083489288, masha allah heartiest congratulations well deserved and proud moment for the family 
271,1558953177051013122, but you played really well
272,1558953174656061440, matlab i get where you are coming from but zyada hogya boy 
273,1558953173720731649,there is no electricity since o clock what a shame 
274,1558953132369084417, ahan
275,1558953119123443712, leave her please why wasting your energy on such people is it worthy no so best answer is no answer 
276,1558953113175953414, congratulations may allah bless you more success in life 
277,1558953093710110721, the beat main boss lineup in any fromsoftware game these bosses are much better than anything from bloodborne or 
278,1558953086621728771,grief is strange it comes in waves and all you can do is feel your feelings and just move through it 
279,1558953086101618689,i get why yall be worshipping nicotine
280,1558953059048357889, congratulations one person follow you and one person unfollow you 
281,1558953054346551301,i dont think so its pakistan 
282,1558953019814952961,lol ik has corrupted the minds of his followers they contradict themselves in a single breath but do not get it 
283,1558953012885950464, lolx is sawal ka jawab boys nhi dy sakhty hai u know depand of you
284,1558953007563345920, please do i support
285,1558953005956972544,if ive ever cooked for you i love you
286,1558953004388302848,this single currency both sides explain years of reality that how this state governed and who are behind the state machinery 
287,1558953000596488192,padma lakshmi hoping for swift healing for ex salmanrushdie 
288,1558952993277575169, ahan
289,1558952986906353664, exactly leave it to allah 
290,1558952961748910080, congratulations 
291,1558952959748218881,putting a loved one in a nursing home could cost you as nursing homes sue relatives and friends ofresidents 
292,1558952956178927619, i sleep like that everyday i have maiday problems u too lesgoo
293,1558952955059048449," margit gt godrick gt radhan gt rykard gt morgott gt fire giant mohg malenia gt godskin duo gt maliketh and placidusax gt gideon gt godfrey gt radagon and elden beast
except the fire giant and the duo every boss here is more than reason enough to replay "
294,1558952949019287553,barish
295,1558952946582360064,me and my situations on august 
296,1558952936784412672,legend 
297,1558952902089129987,the exports rankings of pakistan compared to its neighbour country is after years have a look 
298,1558952861945499648, thanks
299,1558952859269570561, omg finally mikasa congratulations so so happy for you 
300,1558952842941140992, ahan
301,1558952830073012224, overflowed several people got trapped in water yesterday of them have been rescued and operation for rescue is underway informed spokesperson of edhi foundation avoid this route 
302,1558952824720932865, love pak army 
303,1558952780060135427, big fat rolls
304,1558952768387547136, many many congratulations brother
305,1558952768219582464, bhai i m really sorry to say but app bohat stupid batain ker rahe hain please try to update your info
306,1558952705904717824, so again we thought that on monday we have economic crisis 
307,1558952704772276225,i didnt lose in my request to be a member of the house of reps bashir reacts toreappointment 
308,1558952669158449153, what have they done good which i might do not know would you please enlighten do not try to play with me about economy and export remittances cards i might know better things about these you are living in pak so be realistic 
309,1558952660342013952, ahan
310,1558952658693660672,happy birthday to the one amp only sir have many many are a gem 
311,1558952656856616962, depends on competition btw ahrefs amp moz have same criteria for authority da dr 
312,1558952641417420802,if you believe your thoughts they become your reality choose them wisely with 
313,1558952614657753090, sleep not found
314,1558952556667207682, willing to trade a couple for lucky trade chances registered shiny trade 
315,1558952534483603462, respect for this man 
316,1558952511675006979, ok i will forward your tweet to your sister 
317,1558952511020666880,it fucking really hard transition from boy to man
318,1558952496764264453, tum khud ho
319,1558952449548976130, mubarak on a truly deserving decoration sukhera sab 
320,1558952434663317505,man taken into custody over death of mother of four killed on a dirtroad 
321,1558952419421065217, and of course created only last month most of all only argues with snyder fans not hard to guess why 
322,1558952369626423298, good morning
323,1558952364815572994, thanks
324,1558952345551216640,time flies this was a year ago 
325,1558952331613556736, what is the genre 
326,1558952324055318528,what a nail biting match going on batting on with sixes trying all the variety of bouncers in swingers out swingers yorkers but imran being namesake hitting everything out of the park 
327,1558952312642609153, great work bro nice prediction it was right on time according to dates you mentioned 
328,1558952273992196097, good morning
329,1558952271290896385, missed a k
330,1558952268208152579, they are exactly like great britian who colonised half the world and united states who are colonising complete world by attacking them
331,1558952257521074178, sir bechare ko usla leader he zalil krwae hwe hen hala ke achw political workers hen yee
332,1558952222469361664, also before we mint bet
333,1558952217738084353, good jobbbbbb
334,1558952206950350848, congrats 
335,1558952206631673857,soap star robyn griggs dies at 
336,1558952198083600384,great leader of pakistan 
337,1558952153976389647, good morning
338,1558952133881470977, congrats 
339,1558952130182279169, which one
340,1558952130169413632, looking for recommendations wuthering heights in pdf format anyone 
341,1558952114088542208,traffic accident in heavy rain in pakistan leaves dead 
342,1558952103019778048, aline the best bravo 
343,1558952093083467776, thank you mr pm
344,1558952089317175296, sorry but warra stupud question
345,1558952089048465412, he is also one of a kind a former subordinate one should be proud of
346,1558952087857283073, looks great
347,1558952064503390208,sometimes you need to be alone so you can be with allah 
348,1558952064222470151, thek hain bs
349,1558952048288075777,yes my face is a problem
350,1558952035126366208, you said the truth that said it is hard to be original with studios breathing down your neck and it is difficult to come up with original ideas for most directors and writers anyway 
351,1558952012154380288,govt private schools to reopen across kptoday 
352,1558952005816799234, fake ha
353,1558952004642283521, no u dont
354,1558952002939396096, gestures are more eloquent than words and yours tell an incredible story i appreciate you dedicating the time you are an example to young people we cannot forget what you have done loads of love and prayers pakistan zindabaad 
355,1558951998602493960, hahahhahah exactly petty things 
356,1558951987080740865, good morning
357,1558951978490892290, sure chk me now
358,1558951975747731459, imran bhai this woman is not worth your replies you are above these petty women 
359,1558951969301094400,italy emerges as european hotspot for west nile fever outbreaks 
360,1558951957867397120, come to just troll you
361,1558951951634780163, aunty triggered 
362,1558951948002500609,starmer vows to extend windfall tax to freeze family fuelbills 
363,1558951944143904768, can i
364,1558951941824303106, maybe booleneator did not teach steb how to use obs or maybe steb was too busy alienating aron ra on the definition of semi hard atheism to learn anything from bool 
365,1558951913563070464, lol still pti did not get thier chief executive do they have not even a single person who is better than this biggest daaku 
366,1558951903819694080, ahan
367,1558951895229779968, have a good day 
368,1558951879832371200, good morning
369,1558951857686548481, agreed to the even bit of the each word
370,1558951851143614464, sea token will destroy ape
371,1558951848916271106,sometimes a hug is worth more than a thousand words 
372,1558951846676516869, ahan
373,1558951845464363010, hahaha imran bhai is fully enjoying
374,1558951834319994881, tere dil wich
375,1558951829282635776,a journey with fun pti crowd on motorway 
376,1558951799331213313, go to wall
377,1558951793794621441,stop fantasising male friends as farishtas
378,1558951793626947586,this note looks more patriotic than all the currency notes combined 
379,1558951793341652992,leaders are like that you will always be in our hearts whether you win or lose you will find us with you 
380,1558951775041880066, well deserved
381,1558951765151780867, love can heal no magic no luck even after posting these many times no one showed interest in last one year am i blindor is it the world around me when i rescued rat i only had rs in bank i almost left him behind butwent back and picked 
382,1558951763272663041, washal
383,1558951761523707904, reply ib pl
384,1558951739193270275, shes in depression give her more medicines 
385,1558951736278138882,a man becomes dangerous when he decides to opt career over girls 
386,1558951723644981249, approach is very different
387,1558951723103838210,yaar wth another one gone forever 
388,1558951723066081282,why do we call all the cats mano who came up with that 
389,1558951721748992000,"position gynaecologist
location sargodha
company khan abdul rehman hospital
visit link to see detailed advertisement "
390,1558951708377681921, army 
391,1558951700685258753, did that to prove your identity in home yet homeless 
392,1558951697363484672,enough to make fun of releasing national songs on independence day instead of ground breaking technological advancements like other countries well pakistan is finally catching up by unveiling its first ever indigenous electric car according to the pak wheel 
393,1558951697300480002,"do not lose hope even in the suffering you are not alone allah swt is with you and allah is not cruel he loves you even in days when it gets harder for you to luv yourself endure it with patience allah swt is enough for you
indeed there is ease with difficulty eshaq"
394,1558951690971320321, august felt so incomplete today did not even see a single house which was decorated w jhandiyan back in time this was the most beautiful ritual of august decorating the house w jhandiyan only to see rain destroy everything the next morning 
395,1558951678400946176, ahan
396,1558951669878120448, fucking one
397,1558951664689844224,the following thread provides insights on partition and it is after effects 
398,1558951664375238656,yes im an overthinker but im also of the time right
399,1558951660529111040,exactly 
400,1558951650387165187, happiest birthday sweetheart 
401,1558951648751456258, this is too much 
402,1558951632406298626, i am in like waiting your gift
403,1558951626072793088, good morning
404,1558951613934477314, build your personal brand in the salesforce ecosystem aug register 
405,1558951609685741568,checkout cursortek is in we also have 
406,1558951607479308289,two pakistani soldiers lost their lives and an officer was injured in an exchange of fire with militants in khost a small town in pakistan is province 
407,1558951603582951425, chal acha kr lt
408,1558951593936125953, mine too
409,1558951576340922370, rightt she could have milked the f out of the golden look from the same video 
410,1558951566908030976, thankyouu 
411,1558951551686901762, hunr aram e 
412,1558951526722314245, hahaha i cant confirm this
413,1558951522003812352, dont wanna
414,1558951499824340993,the friend whome i told bachay kaisay hotay hain 
415,1558951483789524993,such a beautiful weather today at village tried to capture this beautiful rainbow visible in the sky making it more beautiful 
416,1558951480035524611,peace 
417,1558951478034702336,black adam may have fought other heroes and i do think superman vs black adam is more interesting but black adam still fights shazam captain marvel more than any other hero and always starts out in his stories in any timeline this is a disservice to adam is mythos 
418,1558951463438766085,indeed women in our society are facing multiple challenges even from birth to death freedom is the first step towards enlightenment 
419,1558951449966612483,i wanna scream my lungs out and tell everyone that the strong misbah they once knew is dead im vulnerable devastated fucked up soul i dont need your fake love or kind words so dont try it 
420,1558951449467527168,get what you like or like what you get just thanks allah for what you have ahsun alvi 
421,1558951448817401857, ahan
422,1558951423643115520, not ttp but someone else has realized that this is a different pakistan 
423,1558951378894323712, todays woman of the match one and only maam azma bokhari 
424,1558951367351455745,putin leaves of his soldiers stranded in tactical withdrawal as ukraine blows up keybridges 
425,1558951364935487488, really
426,1558951364532883459,do not ask the universe for true justice the universe knows everything they did the universe knows everything you did even what you wanted to do pure justice may not go in your favour just ask for forgiveness and mercy 
427,1558951332672901123, mint ki wazir trigger ho gai 
428,1558951315484643328, well we kashmiris wont settle for anything but kashmir before these so called friendly gestures 
429,1558951311667855360, copy n paste ky mahreen hain yeh
430,1558951280944549889,eating french fries alone with others 
431,1558951274590216192, omgggglove uuuu
432,1558951273696722945,app ne yehi sawal kabhi nawaz sharif amp family se pouchay hai please allah ka wasta be honest 
433,1558951247419523075, fuck
434,1558951243220979715, u made each other
435,1558951225168633864,best one 
436,1558951188787302400,if any of these music apps had a dj mixer period life would be better 
437,1558951184207151104,my twitter spaces boss 
438,1558951171062202371, and sell data to microsoft
439,1558951135607754755,south carolina woman dies after being impaled by a beachumbrella 
440,1558951135444074497,happy and blessed pakistan independence day wishes for 
441,1558951117752598528,new bontrager mtb wheels are sub more affordable models are pretty light too 
442,1558951106327216129,cursortek is of and plus 
443,1558951103911395333, wish there wasnt any recovery option just for this specific time
444,1558951071023874056, will cheshliar and manya become huge creators now 
445,1558951036299124736, oh no let him have his fun i insist
446,1558951027881254913,remember those things that trigger you are the things that need healing most 
447,1558951019282927618,going to make once i get the time 
448,1558950998009417730,stay strong 
449,1558950969198747650, respect 
450,1558950940601978880, we will see sarah
451,1558950935031939076, very good
452,1558950914454593538,youth party pakistan ypp 
453,1558950894028349440, well said jani
454,1558950875171024896, treat to watch
455,1558950874269077507, amen
456,1558950866270519297, a big stone on the back side of qau stream wali side listening music and nature 
457,1558950858489995270,when i say good night there is no lie i really fall asleep
458,1558950856665579522, one of my fav anchor 
459,1558950842115538945,will yes he will 
460,1558950827187912705, none of the party follow pure islam then what we should do silent is the answer or join a better party of them 
461,1558950826718027776, man this is not enough just talking tell him to follow this up with some action like onboarding people like yeh tau try bhi nahi karay gay sirf statement daina kafi nahi ab 
462,1558950826609098753,amen 
463,1558950818342383616, how about a twitter block
464,1558950787069485060, amen
465,1558950784796065800, true
466,1558950753183596545, i call it humiliation kink they all have it 
467,1558950746258817024,time to disappear 
468,1558950741561475072,preparing for chemistry test a m 
469,1558950722615611400,aunty is not coming slow 
470,1558950719931224066, absolutely yes 
471,1558950712494661634,please be my permanent happiness 
472,1558950669377277955,big reality check for everyone who supported the vonc 
473,1558950661953392643, imran bhai is having fun
474,1558950651819765760, they are not obligated but if you want us to believe them without checking what they found you are a fool that is why courts release transcripts of cases unless they are sensitive so people are informed and know why the judgement was made 
475,1558950629787172865, they were the perpetrators of worst crimes in human history not the victims certainly today karma is getting back to them when hindu zionists have begun destruction of sikhs they should have listened to qauid e azam in amp joined pakistan along with east punjab 
476,1558950626058506241,i really want to talk to you but i feel like i am disturbing you 
477,1558950620073271297,jamie durie height weight net worth age birthday wikipedia who nationality biography 
478,1558950612242518018, thanks for the entertainment 
479,1558950609700659201, software update 
480,1558950605623885825,your monday briefing u s lawmakers visittaiwan 
481,1558950601475620865,itny arsay sy date p ni gaya i wanna go god please
482,1558950599982448641, super
483,1558950589584867328, ooooo really 
484,1558950563752120320,intelligent people did not talk they displayed ka nishan jeet ka nihsan 
485,1558950560308543488, you are pride of pakistan amp role model for everyone 
486,1558950554700849153,win btc 
487,1558950533137928193, well yes of course it is i was indeed referring to you when i typed it out and replied to you 
488,1558950528893464576, copying his pyo khaptaaaan imrando 
489,1558950528708747265,jashne azadi and happy birthday to my late mother my ami gee ap sath nh tu kuch b acha nh lagta i love u allah ap ku janat may jaga dien its been years ive lost her 
490,1558950526703861761, absolutely ridiculous bs by anthony taylor
491,1558950523482640386,"he is evil look at his face
full of chicanerous thoughts "
492,1558950515068862468, ho he rehy ho dekh rehi ho ma
493,1558950504838881280,i need someone i can talk to all night 
494,1558950503333101568,pakistanis are mentally unstable janwars according to this maid of maryam nawaz 
495,1558950502624362497, sherrrrrr 
496,1558950495137550339, it might have been true before modi came to power
497,1558950468428201990, big six
498,1558950464179281920, lovely poetry like share and comment 
499,1558950461339754496, lovely poetry like share and comment 
500,1558950451600654339, well excuse my reply but since lineage under islamic laws are drawn via tha father n hence it is required to maintain the whole family is data i e the family tree there is no way you can opt out of it despite your uneasiness over the